{
  "project_info": {
    "project_number": "458760722769",
    "project_id": "ageprediction-de5bb",
    "storage_bucket": "ageprediction-de5bb.firebasestorage.app"
  },
  "client": [
    {
      "client_info": {
        "mobilesdk_app_id": "1:458760722769:android:84dd515f22b2b5e18cdb70",
        "android_client_info": {
          "package_name": "com.example.ageprediction"
        }
      },
      "oauth_client": [],
      "api_key": [
        {
          "current_key": "AIzaSyCBnz7w0R2pa-wenMLn2gcn0cUND2UXgcc"
        }
      ],
      "services": {
        "appinvite_service": {
          "other_platform_oauth_client": []
        }
      }
    }
  ],
  "configuration_version": "1"
}